Empresa,Origen,Local Origen,Solicitud Id,Descripci�n,Motivo Sol,Motivo Trx,Cant Max Cab,Usuario Registro,Fecha Registro,,Org Id Inv,Sku,Codigo Lote,Cant Max Det,,Local,Cant Max Loc
1,CD,,17,carga masiva app2,0,104,,CARAYA,21/01/2019 17:36:09,,228,'0150020,,,,1,10
1,CD,,17,carga masiva app2,0,104,,CARAYA,21/01/2019 17:36:09,,228,'0150020,,,,2,10
1,CD,,17,carga masiva app2,0,104,,CARAYA,21/01/2019 17:36:09,,228,'2831522,,,,1,20
1,CD,,17,carga masiva app2,0,104,,CARAYA,21/01/2019 17:36:09,,228,'2831522,,,,2,10
